Workbook

Sheet ĐÚC P-029-06.01 A0)
A2: 铸造车间不良品回炉申请单 BÁO CÁO HÀNG KHÔNG ĐẠT TRẢ VỀ LÒ XƯỞNG ĐÚC
B3: 日期/Ngày： | C3: 46223 | S3: No: | T3: =SUM(W6:W39) -> 0
A4: 序号 STT | B4: 工单 单号 Mã công đơn | C4: 产品品名 Tên Sản Phẩm | D4: 产品 规格 Quy cách | E4: 材质 Chất liệu | G4: 不良原因 Nguyên nhân không đạt | AA4: =SUM(AA6:AA40) -> 0
G5: 切伤 Cắt phạm | H5: 磨伤 Mài phạm | I5: 漏钢水 Xì hồ | J5: 浇不足 Đúc thiếu | K5: 砂孔 Lổ cát | L5: 气孔 Lổ khí | M5: 缩孔 Lủng lổ | N5: 变形 Biến dạng | O5: 字损 Mất nét | P5: 夹砂 Kẹp cát | Q5: 裂纹 Vết nứt | R5: 尺寸超差 Sai kích thước | S5: 夹铁 Kẹp sắt | T5: 冷隔 lạnh ngắt | U5: 渣孔 Lỗ xỉ | V5: 其他 Khác | W5: 合计 （PCS） Tổng cộng | Y5: Trọng lượng | Z5: Loại | AA5: Tổng trọng lượng
A6: =ROW()-5 -> 1 | E6: {=IFERROR(INDEX('chất liệu'!$A$1:$A$14,MATCH(TRUE,ISNUMBER(SEARCH('chất liệu'!$A$1:$A$14,'ĐÚC P-029-06.01 A0)'!D6)),0)),"")} | W6: =IF(SUM(G6:V6)=0," ",SUM(G6:V6)) | Z6: =IF(ISERROR(SEARCH("OM-06", C6))=FALSE, "ỐNG", IF(OR(LEFT(D6, 2)="DN", LEFT(D6, 3)="NPS", ISERROR(SEARCH("LADISH", C6))=FALSE), "VAN", "ỐNG")) -> ỐNG | AA6: =IFERROR(W6*Y6, "") | AB6: {=IFERROR(INDEX('chất liệu'!$A$1:$A$14,MATCH(TRUE,ISNUMBER(SEARCH('chất liệu'!$A$1:$A$14,'ĐÚC P-029-06.01 A0)'!D6)),0)),"")}
A7: =ROW()-5 -> 2 | E7: {=IFERROR(INDEX('chất liệu'!$A$1:$A$14,MATCH(TRUE,ISNUMBER(SEARCH('chất liệu'!$A$1:$A$14,'ĐÚC P-029-06.01 A0)'!D7)),0)),"")} | W7: =IF(SUM(G7:V7)=0," ",SUM(G7:V7)) | Z7: =IF(ISERROR(SEARCH("OM-06", C7))=FALSE, "ỐNG", IF(OR(LEFT(D7, 2)="DN", LEFT(D7, 3)="NPS", ISERROR(SEARCH("LADISH", C7))=FALSE), "VAN", "ỐNG")) -> ỐNG | AA7: =IFERROR(W7*Y7, "") | AB7: {=IFERROR(INDEX('chất liệu'!$A$1:$A$14,MATCH(TRUE,ISNUMBER(SEARCH('chất liệu'!$A$1:$A$14,'ĐÚC P-029-06.01 A0)'!D7)),0)),"")}
A8: =ROW()-5 -> 3 | E8: {=IFERROR(INDEX('chất liệu'!$A$1:$A$14,MATCH(TRUE,ISNUMBER(SEARCH('chất liệu'!$A$1:$A$14,'ĐÚC P-029-06.01 A0)'!D8)),0)),"")} | W8: =IF(SUM(G8:V8)=0," ",SUM(G8:V8)) | Z8: =IF(ISERROR(SEARCH("OM-06", C8))=FALSE, "ỐNG", IF(OR(LEFT(D8, 2)="DN", LEFT(D8, 3)="NPS", ISERROR(SEARCH("LADISH", C8))=FALSE), "VAN", "ỐNG")) -> ỐNG | AA8: =IFERROR(W8*Y8, "") | AB8: {=IFERROR(INDEX('chất liệu'!$A$1:$A$14,MATCH(TRUE,ISNUMBER(SEARCH('chất liệu'!$A$1:$A$14,'ĐÚC P-029-06.01 A0)'!D8)),0)),"")}
A9: =ROW()-5 -> 4 | E9: {=IFERROR(INDEX('chất liệu'!$A$1:$A$14,MATCH(TRUE,ISNUMBER(SEARCH('chất liệu'!$A$1:$A$14,'ĐÚC P-029-06.01 A0)'!D9)),0)),"")} | W9: =IF(SUM(G9:V9)=0," ",SUM(G9:V9)) | Z9: =IF(ISERROR(SEARCH("OM-06", C9))=FALSE, "ỐNG", IF(OR(LEFT(D9, 2)="DN", LEFT(D9, 3)="NPS", ISERROR(SEARCH("LADISH", C9))=FALSE), "VAN", "ỐNG")) -> ỐNG | AA9: =IFERROR(W9*Y9, "") | AB9: {=IFERROR(INDEX('chất liệu'!$A$1:$A$14,MATCH(TRUE,ISNUMBER(SEARCH('chất liệu'!$A$1:$A$14,'ĐÚC P-029-06.01 A0)'!D9)),0)),"")}
A10: =ROW()-5 -> 5 | E10: {=IFERROR(INDEX('chất liệu'!$A$1:$A$14,MATCH(TRUE,ISNUMBER(SEARCH('chất liệu'!$A$1:$A$14,'ĐÚC P-029-06.01 A0)'!D10)),0)),"")} | W10: =IF(SUM(G10:V10)=0," ",SUM(G10:V10)) | Z10: =IF(ISERROR(SEARCH("OM-06", C10))=FALSE, "ỐNG", IF(OR(LEFT(D10, 2)="DN", LEFT(D10, 3)="NPS", ISERROR(SEARCH("LADISH", C10))=FALSE), "VAN", "ỐNG")) -> ỐNG | AA10: =IFERROR(W10*Y10, "") | AB10: {=IFERROR(INDEX('chất liệu'!$A$1:$A$14,MATCH(TRUE,ISNUMBER(SEARCH('chất liệu'!$A$1:$A$14,'ĐÚC P-029-06.01 A0)'!D10)),0)),"")}
A11: =ROW()-5 -> 6 | E11: {=IFERROR(INDEX('chất liệu'!$A$1:$A$14,MATCH(TRUE,ISNUMBER(SEARCH('chất liệu'!$A$1:$A$14,'ĐÚC P-029-06.01 A0)'!D11)),0)),"")} | W11: =IF(SUM(G11:V11)=0," ",SUM(G11:V11)) | Z11: =IF(ISERROR(SEARCH("OM-06", C11))=FALSE, "ỐNG", IF(OR(LEFT(D11, 2)="DN", LEFT(D11, 3)="NPS", ISERROR(SEARCH("LADISH", C11))=FALSE), "VAN", "ỐNG")) -> ỐNG | AA11: =IFERROR(W11*Y11, "") | AB11: {=IFERROR(INDEX('chất liệu'!$A$1:$A$14,MATCH(TRUE,ISNUMBER(SEARCH('chất liệu'!$A$1:$A$14,'ĐÚC P-029-06.01 A0)'!D11)),0)),"")}
A12: =ROW()-5 -> 7 | E12: {=IFERROR(INDEX('chất liệu'!$A$1:$A$14,MATCH(TRUE,ISNUMBER(SEARCH('chất liệu'!$A$1:$A$14,'ĐÚC P-029-06.01 A0)'!D12)),0)),"")} | W12: =IF(SUM(G12:V12)=0," ",SUM(G12:V12)) | Z12: =IF(ISERROR(SEARCH("OM-06", C12))=FALSE, "ỐNG", IF(OR(LEFT(D12, 2)="DN", LEFT(D12, 3)="NPS", ISERROR(SEARCH("LADISH", C12))=FALSE), "VAN", "ỐNG")) -> ỐNG | AA12: =IFERROR(W12*Y12, "") | AB12: {=IFERROR(INDEX('chất liệu'!$A$1:$A$14,MATCH(TRUE,ISNUMBER(SEARCH('chất liệu'!$A$1:$A$14,'ĐÚC P-029-06.01 A0)'!D12)),0)),"")}
A13: =ROW()-5 -> 8 | E13: {=IFERROR(INDEX('chất liệu'!$A$1:$A$14,MATCH(TRUE,ISNUMBER(SEARCH('chất liệu'!$A$1:$A$14,'ĐÚC P-029-06.01 A0)'!D13)),0)),"")} | W13: =IF(SUM(G13:V13)=0," ",SUM(G13:V13)) | Z13: =IF(ISERROR(SEARCH("OM-06", C13))=FALSE, "ỐNG", IF(OR(LEFT(D13, 2)="DN", LEFT(D13, 3)="NPS", ISERROR(SEARCH("LADISH", C13))=FALSE), "VAN", "ỐNG")) -> ỐNG | AA13: =IFERROR(W13*Y13, "") | AB13: {=IFERROR(INDEX('chất liệu'!$A$1:$A$14,MATCH(TRUE,ISNUMBER(SEARCH('chất liệu'!$A$1:$A$14,'ĐÚC P-029-06.01 A0)'!D13)),0)),"")}
A14: =ROW()-5 -> 9 | E14: {=IFERROR(INDEX('chất liệu'!$A$1:$A$14,MATCH(TRUE,ISNUMBER(SEARCH('chất liệu'!$A$1:$A$14,'ĐÚC P-029-06.01 A0)'!D14)),0)),"")} | W14: =IF(SUM(G14:V14)=0," ",SUM(G14:V14)) | Z14: =IF(ISERROR(SEARCH("OM-06", C14))=FALSE, "ỐNG", IF(OR(LEFT(D14, 2)="DN", LEFT(D14, 3)="NPS", ISERROR(SEARCH("LADISH", C14))=FALSE), "VAN", "ỐNG")) -> ỐNG | AA14: =IFERROR(W14*Y14, "") | AB14: {=IFERROR(INDEX('chất liệu'!$A$1:$A$14,MATCH(TRUE,ISNUMBER(SEARCH('chất liệu'!$A$1:$A$14,'ĐÚC P-029-06.01 A0)'!D14)),0)),"")}
A15: =ROW()-5 -> 10 | E15: {=IFERROR(INDEX('chất liệu'!$A$1:$A$14,MATCH(TRUE,ISNUMBER(SEARCH('chất liệu'!$A$1:$A$14,'ĐÚC P-029-06.01 A0)'!D15)),0)),"")} | W15: =IF(SUM(G15:V15)=0," ",SUM(G15:V15)) | Z15: =IF(ISERROR(SEARCH("OM-06", C15))=FALSE, "ỐNG", IF(OR(LEFT(D15, 2)="DN", LEFT(D15, 3)="NPS", ISERROR(SEARCH("LADISH", C15))=FALSE), "VAN", "ỐNG")) -> ỐNG | AA15: =IFERROR(W15*Y15, "") | AB15: {=IFERROR(INDEX('chất liệu'!$A$1:$A$14,MATCH(TRUE,ISNUMBER(SEARCH('chất liệu'!$A$1:$A$14,'ĐÚC P-029-06.01 A0)'!D15)),0)),"")}
A16: =ROW()-5 -> 11 | E16: {=IFERROR(INDEX('chất liệu'!$A$1:$A$14,MATCH(TRUE,ISNUMBER(SEARCH('chất liệu'!$A$1:$A$14,'ĐÚC P-029-06.01 A0)'!D16)),0)),"")} | W16: =IF(SUM(G16:V16)=0," ",SUM(G16:V16)) | Z16: =IF(ISERROR(SEARCH("OM-06", C16))=FALSE, "ỐNG", IF(OR(LEFT(D16, 2)="DN", LEFT(D16, 3)="NPS", ISERROR(SEARCH("LADISH", C16))=FALSE), "VAN", "ỐNG")) -> ỐNG | AA16: =IFERROR(W16*Y16, "") | AB16: {=IFERROR(INDEX('chất liệu'!$A$1:$A$14,MATCH(TRUE,ISNUMBER(SEARCH('chất liệu'!$A$1:$A$14,'ĐÚC P-029-06.01 A0)'!D16)),0)),"")}
A17: =ROW()-5 -> 12 | E17: {=IFERROR(INDEX('chất liệu'!$A$1:$A$14,MATCH(TRUE,ISNUMBER(SEARCH('chất liệu'!$A$1:$A$14,'ĐÚC P-029-06.01 A0)'!D17)),0)),"")} | W17: =IF(SUM(G17:V17)=0," ",SUM(G17:V17)) | Z17: =IF(ISERROR(SEARCH("OM-06", C17))=FALSE, "ỐNG", IF(OR(LEFT(D17, 2)="DN", LEFT(D17, 3)="NPS", ISERROR(SEARCH("LADISH", C17))=FALSE), "VAN", "ỐNG")) -> ỐNG | AA17: =IFERROR(W17*Y17, "") | AB17: {=IFERROR(INDEX('chất liệu'!$A$1:$A$14,MATCH(TRUE,ISNUMBER(SEARCH('chất liệu'!$A$1:$A$14,'ĐÚC P-029-06.01 A0)'!D17)),0)),"")}
... A32: =ROW()-5 -> 27 | E32: {=IFERROR(INDEX('chất liệu'!$A$1:$A$14,MATCH(TRUE,ISNUMBER(SEARCH('chất liệu'!$A$1:$A$14,'ĐÚC P-029-06.01 A0)'!D32)),0)),"")} | W32: =IF(SUM(G32:V32)=0," ",SUM(G32:V32)) | Z32: =IF(ISERROR(SEARCH("OM-06", C32))=FALSE, "ỐNG", IF(OR(LEFT(D32, 2)="DN", LEFT(D32, 3)="NPS", ISERROR(SEARCH("LADISH", C32))=FALSE), "VAN", "ỐNG")) -> ỐNG | AA32: =IFERROR(W32*Y32, "") | AB32: {=IFERROR(INDEX('chất liệu'!$A$1:$A$14,MATCH(TRUE,ISNUMBER(SEARCH('chất liệu'!$A$1:$A$14,'ĐÚC P-029-06.01 A0)'!D32)),0)),"")}
A33: =ROW()-5 -> 28 | E33: {=IFERROR(INDEX('chất liệu'!$A$1:$A$14,MATCH(TRUE,ISNUMBER(SEARCH('chất liệu'!$A$1:$A$14,'ĐÚC P-029-06.01 A0)'!D33)),0)),"")} | W33: =IF(SUM(G33:V33)=0," ",SUM(G33:V33)) | X33: 3 | Y33: 0.089 | Z33: =IF(ISERROR(SEARCH("OM-06", C33))=FALSE, "ỐNG", IF(OR(LEFT(D33, 2)="DN", LEFT(D33, 3)="NPS", ISERROR(SEARCH("LADISH", C33))=FALSE), "VAN", "ỐNG")) -> ỐNG | AA33: =IFERROR(W33*Y33, "") | AB33: {=IFERROR(INDEX('chất liệu'!$A$1:$A$14,MATCH(TRUE,ISNUMBER(SEARCH('chất liệu'!$A$1:$A$14,'ĐÚC P-029-06.01 A0)'!D33)),0)),"")}
A34: =ROW()-5 -> 29 | E34: {=IFERROR(INDEX('chất liệu'!$A$1:$A$14,MATCH(TRUE,ISNUMBER(SEARCH('chất liệu'!$A$1:$A$14,'ĐÚC P-029-06.01 A0)'!D34)),0)),"")} | W34: =IF(SUM(G34:V34)=0," ",SUM(G34:V34)) | X34: 6 | Y34: 1.032 | Z34: =IF(ISERROR(SEARCH("OM-06", C34))=FALSE, "ỐNG", IF(OR(LEFT(D34, 2)="DN", LEFT(D34, 3)="NPS", ISERROR(SEARCH("LADISH", C34))=FALSE), "VAN", "ỐNG")) -> ỐNG | AA34: =IFERROR(W34*Y34, "") | AB34: {=IFERROR(INDEX('chất liệu'!$A$1:$A$14,MATCH(TRUE,ISNUMBER(SEARCH('chất liệu'!$A$1:$A$14,'ĐÚC P-029-06.01 A0)'!D34)),0)),"")}
A35: =ROW()-5 -> 30 | E35: {=IFERROR(INDEX('chất liệu'!$A$1:$A$14,MATCH(TRUE,ISNUMBER(SEARCH('chất liệu'!$A$1:$A$14,'ĐÚC P-029-06.01 A0)'!D35)),0)),"")} | W35: =IF(SUM(G35:V35)=0," ",SUM(G35:V35)) | X35: 8 | Y35: 1.032 | Z35: =IF(ISERROR(SEARCH("OM-06", C35))=FALSE, "ỐNG", IF(OR(LEFT(D35, 2)="DN", LEFT(D35, 3)="NPS", ISERROR(SEARCH("LADISH", C35))=FALSE), "VAN", "ỐNG")) -> ỐNG | AA35: =IFERROR(W35*Y35, "") | AB35: {=IFERROR(INDEX('chất liệu'!$A$1:$A$14,MATCH(TRUE,ISNUMBER(SEARCH('chất liệu'!$A$1:$A$14,'ĐÚC P-029-06.01 A0)'!D35)),0)),"")}
A36: =ROW()-5 -> 31 | E36: {=IFERROR(INDEX('chất liệu'!$A$1:$A$14,MATCH(TRUE,ISNUMBER(SEARCH('chất liệu'!$A$1:$A$14,'ĐÚC P-029-06.01 A0)'!D36)),0)),"")} | W36: =IF(SUM(G36:V36)=0," ",SUM(G36:V36)) | X36: 1 | Y36: 0.813 | Z36: =IF(ISERROR(SEARCH("OM-06", C36))=FALSE, "ỐNG", IF(OR(LEFT(D36, 2)="DN", LEFT(D36, 3)="NPS", ISERROR(SEARCH("LADISH", C36))=FALSE), "VAN", "ỐNG")) -> ỐNG | AA36: =IFERROR(W36*Y36, "") | AB36: {=IFERROR(INDEX('chất liệu'!$A$1:$A$14,MATCH(TRUE,ISNUMBER(SEARCH('chất liệu'!$A$1:$A$14,'ĐÚC P-029-06.01 A0)'!D36)),0)),"")}
A37: =ROW()-5 -> 32 | E37: {=IFERROR(INDEX('chất liệu'!$A$1:$A$14,MATCH(TRUE,ISNUMBER(SEARCH('chất liệu'!$A$1:$A$14,'ĐÚC P-029-06.01 A0)'!D37)),0)),"")} | W37: =IF(SUM(G37:V37)=0," ",SUM(G37:V37)) | X37: 6 | Y37: 0.19 | Z37: =IF(ISERROR(SEARCH("OM-06", C37))=FALSE, "ỐNG", IF(OR(LEFT(D37, 2)="DN", LEFT(D37, 3)="NPS", ISERROR(SEARCH("LADISH", C37))=FALSE), "VAN", "ỐNG")) -> ỐNG | AA37: =IFERROR(W37*Y37, "") | AB37: {=IFERROR(INDEX('chất liệu'!$A$1:$A$14,MATCH(TRUE,ISNUMBER(SEARCH('chất liệu'!$A$1:$A$14,'ĐÚC P-029-06.01 A0)'!D37)),0)),"")}
A38: =ROW()-5 -> 33 | E38: {=IFERROR(INDEX('chất liệu'!$A$1:$A$14,MATCH(TRUE,ISNUMBER(SEARCH('chất liệu'!$A$1:$A$14,'ĐÚC P-029-06.01 A0)'!D38)),0)),"")} | W38: =IF(SUM(G38:V38)=0," ",SUM(G38:V38)) | X38: 2 | Y38: 0.531 | Z38: =IF(ISERROR(SEARCH("OM-06", C38))=FALSE, "ỐNG", IF(OR(LEFT(D38, 2)="DN", LEFT(D38, 3)="NPS", ISERROR(SEARCH("LADISH", C38))=FALSE), "VAN", "ỐNG")) -> ỐNG | AA38: =IFERROR(W38*Y38, "") | AB38: {=IFERROR(INDEX('chất liệu'!$A$1:$A$14,MATCH(TRUE,ISNUMBER(SEARCH('chất liệu'!$A$1:$A$14,'ĐÚC P-029-06.01 A0)'!D38)),0)),"")}
A39: =ROW()-5 -> 34 | E39: {=IFERROR(INDEX('chất liệu'!$A$1:$A$14,MATCH(TRUE,ISNUMBER(SEARCH('chất liệu'!$A$1:$A$14,'ĐÚC P-029-06.01 A0)'!D39)),0)),"")} | W39: =IF(SUM(G39:V39)=0," ",SUM(G39:V39)) | X39: 1 | Y39: 0.107 | Z39: =IF(ISERROR(SEARCH("OM-06", C39))=FALSE, "ỐNG", IF(OR(LEFT(D39, 2)="DN", LEFT(D39, 3)="NPS", ISERROR(SEARCH("LADISH", C39))=FALSE), "VAN", "ỐNG")) -> ỐNG | AA39: =IFERROR(W39*Y39, "") | AB39: {=IFERROR(INDEX('chất liệu'!$A$1:$A$14,MATCH(TRUE,ISNUMBER(SEARCH('chất liệu'!$A$1:$A$14,'ĐÚC P-029-06.01 A0)'!D39)),0)),"")}
A40: 合计 Tổng | G40: =IF(SUM(G6:G39)=0,"",SUM(G6:G39)) | H40: =IF(SUM(H6:H39)=0,"",SUM(H6:H39)) | I40: =IF(SUM(I6:I39)=0,"",SUM(I6:I39)) | J40: =IF(SUM(J6:J39)=0,"",SUM(J6:J39)) | K40: =IF(SUM(K6:K39)=0,"",SUM(K6:K39)) | L40: =IF(SUM(L6:L39)=0,"",SUM(L6:L39)) | M40: =IF(SUM(M6:M39)=0,"",SUM(M6:M39)) | N40: =IF(SUM(N6:N39)=0,"",SUM(N6:N39)) | ... W40: =IF(SUM(W6:W39)=0,"",SUM(W6:W39))
A41: 备注Ghi chú | C41: 管件报废重量（kg） Trọng lượng báo phế hàng Ống | G41: 阀门报废重量（kg） Trọng lượng báo phế hàng Van | S41: 管件/阀门总重 Tổng trọng lượng ống và van
C42: CF8M (316) | D42: CF8 (304) | G42: CF8M | I42: CF8 | K42: CF3M | M42: WCB | S42: =SUM(C43:P43) -> 0
C43: =SUMIFS(AA6:AA40, AB6:AB40, "CF8M", Z6:Z40, "ỐNG")+SUMIFS(AA6:AA40, AB6:AB40, "316", Z6:Z40, "ỐNG") -> 0 | D43: =SUMIFS(AA6:AA40, AB6:AB40, "CF8", Z6:Z40, "ỐNG")+SUMIFS(AA6:AA40, AB6:AB40, "304", Z6:Z40, "ỐNG") -> 0 | E43: =SUMIFS(AA6:AA40, Z6:Z40, "ỐNG")-C43-D43 -> 0 | G43: =SUMIFS(AA6:AA40, AB6:AB40, "CF8M", Z6:Z40, "VAN") -> 0 | I43: =SUMIFS(AA6:AA40, AB6:AB40, "CF8", Z6:Z40, "VAN") -> 0 | K43: =SUMIFS(AA6:AA40, AB6:AB40, "CF3M", Z6:Z40, "VAN") -> 0 | M43: =SUMIFS(AA6:AA40, AB6:AB40, "WCB", Z6:Z40, "VAN") -> 0 | O43: =SUMIFS(AA6:AA40, Z6:Z40, "VAN")-G43-I43-K43-M43 -> 0
A44: 厂长/副厂长 Xưởng trưởng/ Phó XT | C44: 品保经理 Giám đốc chất lượng | E44: 品保课长 Khoa trưởng chất lượng | I44: 铸造课长 Khoa trưởng đúc | N44: 前后处理组长 Tổ trưởng trước sau xử lý | S44: 制定Lập biểu
S46: QC确认
S47: P-029-06.01 A3

Sheet chất liệu
A1: VẬT LIỆU
A2: CF3M
A3: CF8M
A4: WCB
A5: CW12MW
A6: CX2MW
A7: CD3MN
A8: CD3MWCuN
A9: CN7M
A10: LCC
A11: M35
A12: CF8
A13: 316
A14: 304
